Workbook

Sheet 原始数据
A1: 单位：万元
A2: 序号 | B2: 区域 | C2: 渠道分类 | D2: 订单号 | E2: 下单日期 | F2: 订单金额 | G2: 合并发货金额 | H2: 未发货金额 | I2: 发货金额 | J2: 已结算金额 | K2: 未结算金额 | L2: 部门 | M2: 经办人 | N2: 库龄 | O2: 异常原因分类
A3: 1 | B3: 华东 | C3: 直营 | D3: DD2026001 | E3: 202600305 | F3: 12 | H3: 0.8 | I3: 11.2 | J3: 7.28 | K3: 3.92 | L3: 销售一部 | M3: 张涛 | N3: 30天内 | O3: 未结算
A4: 2 | B4: 华东 | C4: 直营 | D4: DD2026001 | E4: 202600306 | F4: 13.25 | H4: 0.95 | I4: 12.3 | J4: 0 | K4: 12.3 | L4: 销售一部 | M4: 张涛 | N4: 30天内 | O4: 未结算
A5: 3 | B5: 华东 | C5: 直营 | D5: DD2026001 | E5: 202600307 | F5: 14.5 | H5: 1.1 | I5: 13.4 | J5: 0 | K5: 13.4 | L5: 销售一部 | M5: 张涛 | N5: 30天内 | O5: 未结算
A6: 4 | B6: 华东 | C6: 分销 | D6: DD2026002 | E6: 202600405 | F6: 15.5 | H6: 0.8 | I6: 14.7 | J6: 9.555 | K6: 5.145 | L6: 销售一部 | M6: 张涛 | N6: 60天内 | O6: 部分未结算
A7: 5 | B7: 华东 | C7: 分销 | D7: DD2026002 | E7: 202600406 | F7: 16.75 | H7: 0.95 | I7: 15.8 | J7: 0 | K7: 15.8 | L7: 销售一部 | M7: 张涛 | N7: 60天内 | O7: 部分未结算
A8: 6 | B8: 华北 | C8: 直营 | D8: DD2026003 | E8: 202600505 | F8: 19 | H8: 0.8 | I8: 18.2 | J8: 11.83 | K8: 6.37 | L8: 销售二部 | M8: 李敏 | N8: 90天以上 | O8: 存在争议
A9: 7 | B9: 华北 | C9: 直营 | D9: DD2026003 | E9: 202600506 | F9: 20.25 | H9: 0.95 | I9: 19.3 | J9: 0 | K9: 19.3 | L9: 销售二部 | M9: 李敏 | N9: 90天以上 | O9: 存在争议
A10: 8 | B10: 华北 | C10: 直营 | D10: DD2026003 | E10: 202600507 | F10: 21.5 | H10: 1.1 | I10: 20.4 | J10: 0 | K10: 20.4 | L10: 销售二部 | M10: 李敏 | N10: 90天以上 | O10: 存在争议
A11: 9 | B11: 华北 | C11: 直营 | D11: DD2026003 | E11: 202600508 | F11: 22.75 | H11: 1.25 | I11: 21.5 | J11: 0 | K11: 21.5 | L11: 销售二部 | M11: 李敏 | N11: 90天以上 | O11: 存在争议
A12: 10 | B12: 华北 | C12: 电商 | D12: DD2026004 | E12: 202600605 | F12: 22.5 | H12: 0.8 | I12: 21.7 | J12: 14.105 | K12: 7.595 | L12: 销售二部 | M12: 李敏 | N12: 30天内 | O12: 开票延迟
A13: 11 | B13: 华北 | C13: 电商 | D13: DD2026004 | E13: 202600606 | F13: 23.75 | H13: 0.95 | I13: 22.8 | J13: 0 | K13: 22.8 | L13: 销售二部 | M13: 李敏 | N13: 30天内 | O13: 开票延迟
A14: 12 | B14: 华南 | C14: 分销 | D14: DD2026005 | E14: 202600705 | F14: 26 | H14: 0.8 | I14: 25.2 | J14: 16.38 | K14: 8.82 | L14: 销售三部 | M14: 王强 | N14: 60天内 | O14: 未结算
... A32: 30 | B32: 华南 | C32: 分销 | D32: DD2026012 | E32: 202600806 | F32: 51.75 | H32: 0.95 | I32: 50.8 | J32: 0 | K32: 50.8 | L32: 销售三部 | M32: 孙倩 | N32: 60天内 | O32: 开票延迟

Sheet 同订单号合并汇总
A1: 同一订单号数据合并汇总
A2: 序号 | B2: 区域 | C2: 渠道分类 | D2: 订单号 | E2: 下单日期 | F2: 订单金额 | G2: 未发货金额 | H2: 发货金额 | I2: 已结算金额 | J2: 未结算金额 | K2: 部门 | L2: 经办人 | M2: 库龄 | N2: 异常原因分类
A3: =ROW()-2 -> 1 | B3: =IFERROR(INDEX(原始数据!$B$3:$B$32,MATCH(1,INDEX((原始数据!$D$3:$D$32="DD2026001")*(原始数据!$B$3:$B$32<>""),0),0)),"") -> 华东 | C3: =IFERROR(INDEX(原始数据!$C$3:$C$32,MATCH(1,INDEX((原始数据!$D$3:$D$32="DD2026001")*(原始数据!$C$3:$C$32<>""),0),0)),"") -> 直营 | D3: DD2026001 | E3: =IFERROR(INDEX(原始数据!$E$3:$E$32,MATCH(1,INDEX((原始数据!$D$3:$D$32="DD2026001")*(原始数据!$E$3:$E$32<>""),0),0)),"") -> 202600305 | F3: =SUMIFS(原始数据!$F$3:$F$32,原始数据!$D$3:$D$32,"DD2026001") -> 39.75 | G3: =SUMIFS(原始数据!$H$3:$H$32,原始数据!$D$3:$D$32,"DD2026001") -> 2.85 | H3: =SUMIFS(原始数据!$I$3:$I$32,原始数据!$D$3:$D$32,"DD2026001") -> 36.9 | I3: =SUMIFS(原始数据!$J$3:$J$32,原始数据!$D$3:$D$32,"DD2026001") -> 7.28 | J3: =SUMIFS(原始数据!$K$3:$K$32,原始数据!$D$3:$D$32,"DD2026001") -> 29.62 | K3: =IFERROR(INDEX(原始数据!$L$3:$L$32,MATCH(1,INDEX((原始数据!$D$3:$D$32="DD2026001")*(原始数据!$L$3:$L$32<>""),0),0)),"") -> 销售一部 | L3: =IFERROR(INDEX(原始数据!$M$3:$M$32,MATCH(1,INDEX((原始数据!$D$3:$D$32="DD2026001")*(原始数据!$M$3:$M$32<>""),0),0)),"") -> 张涛 | M3: =IFERROR(INDEX(原始数据!$N$3:$N$32,MATCH(1,INDEX((原始数据!$D$3:$D$32="DD2026001")*(原始数据!$N$3:$N$32<>""),0),0)),"") -> 30天内 | N3: 未结算
A4: =ROW()-2 -> 2 | B4: =IFERROR(INDEX(原始数据!$B$3:$B$32,MATCH(1,INDEX((原始数据!$D$3:$D$32="DD2026002")*(原始数据!$B$3:$B$32<>""),0),0)),"") -> 华东 | C4: =IFERROR(INDEX(原始数据!$C$3:$C$32,MATCH(1,INDEX((原始数据!$D$3:$D$32="DD2026002")*(原始数据!$C$3:$C$32<>""),0),0)),"") -> 分销 | D4: DD2026002 | E4: =IFERROR(INDEX(原始数据!$E$3:$E$32,MATCH(1,INDEX((原始数据!$D$3:$D$32="DD2026002")*(原始数据!$E$3:$E$32<>""),0),0)),"") -> 202600405 | F4: =SUMIFS(原始数据!$F$3:$F$32,原始数据!$D$3:$D$32,"DD2026002") -> 32.25 | G4: =SUMIFS(原始数据!$H$3:$H$32,原始数据!$D$3:$D$32,"DD2026002") -> 1.75 | H4: =SUMIFS(原始数据!$I$3:$I$32,原始数据!$D$3:$D$32,"DD2026002") -> 30.5 | I4: =SUMIFS(原始数据!$J$3:$J$32,原始数据!$D$3:$D$32,"DD2026002") -> 9.555 | J4: =SUMIFS(原始数据!$K$3:$K$32,原始数据!$D$3:$D$32,"DD2026002") -> 20.945 | K4: =IFERROR(INDEX(原始数据!$L$3:$L$32,MATCH(1,INDEX((原始数据!$D$3:$D$32="DD2026002")*(原始数据!$L$3:$L$32<>""),0),0)),"") -> 销售一部 | L4: =IFERROR(INDEX(原始数据!$M$3:$M$32,MATCH(1,INDEX((原始数据!$D$3:$D$32="DD2026002")*(原始数据!$M$3:$M$32<>""),0),0)),"") -> 张涛 | M4: =IFERROR(INDEX(原始数据!$N$3:$N$32,MATCH(1,INDEX((原始数据!$D$3:$D$32="DD2026002")*(原始数据!$N$3:$N$32<>""),0),0)),"") -> 60天内 | N4: 部分未结算
A5: =ROW()-2 -> 3 | B5: =IFERROR(INDEX(原始数据!$B$3:$B$32,MATCH(1,INDEX((原始数据!$D$3:$D$32="DD2026003")*(原始数据!$B$3:$B$32<>""),0),0)),"") -> 华北 | C5: =IFERROR(INDEX(原始数据!$C$3:$C$32,MATCH(1,INDEX((原始数据!$D$3:$D$32="DD2026003")*(原始数据!$C$3:$C$32<>""),0),0)),"") -> 直营 | D5: DD2026003 | E5: =IFERROR(INDEX(原始数据!$E$3:$E$32,MATCH(1,INDEX((原始数据!$D$3:$D$32="DD2026003")*(原始数据!$E$3:$E$32<>""),0),0)),"") -> 202600505 | F5: =SUMIFS(原始数据!$F$3:$F$32,原始数据!$D$3:$D$32,"DD2026003") -> 83.5 | G5: =SUMIFS(原始数据!$H$3:$H$32,原始数据!$D$3:$D$32,"DD2026003") -> 4.1 | H5: =SUMIFS(原始数据!$I$3:$I$32,原始数据!$D$3:$D$32,"DD2026003") -> 79.4 | I5: =SUMIFS(原始数据!$J$3:$J$32,原始数据!$D$3:$D$32,"DD2026003") -> 11.83 | J5: =SUMIFS(原始数据!$K$3:$K$32,原始数据!$D$3:$D$32,"DD2026003") -> 67.57 | K5: =IFERROR(INDEX(原始数据!$L$3:$L$32,MATCH(1,INDEX((原始数据!$D$3:$D$32="DD2026003")*(原始数据!$L$3:$L$32<>""),0),0)),"") -> 销售二部 | L5: =IFERROR(INDEX(原始数据!$M$3:$M$32,MATCH(1,INDEX((原始数据!$D$3:$D$32="DD2026003")*(原始数据!$M$3:$M$32<>""),0),0)),"") -> 李敏 | M5: =IFERROR(INDEX(原始数据!$N$3:$N$32,MATCH(1,INDEX((原始数据!$D$3:$D$32="DD2026003")*(原始数据!$N$3:$N$32<>""),0),0)),"") -> 90天以上 | N5: 存在争议
A6: =ROW()-2 -> 4 | B6: =IFERROR(INDEX(原始数据!$B$3:$B$32,MATCH(1,INDEX((原始数据!$D$3:$D$32="DD2026004")*(原始数据!$B$3:$B$32<>""),0),0)),"") -> 华北 | C6: =IFERROR(INDEX(原始数据!$C$3:$C$32,MATCH(1,INDEX((原始数据!$D$3:$D$32="DD2026004")*(原始数据!$C$3:$C$32<>""),0),0)),"") -> 电商 | D6: DD2026004 | E6: =IFERROR(INDEX(原始数据!$E$3:$E$32,MATCH(1,INDEX((原始数据!$D$3:$D$32="DD2026004")*(原始数据!$E$3:$E$32<>""),0),0)),"") -> 202600605 | F6: =SUMIFS(原始数据!$F$3:$F$32,原始数据!$D$3:$D$32,"DD2026004") -> 46.25 | G6: =SUMIFS(原始数据!$H$3:$H$32,原始数据!$D$3:$D$32,"DD2026004") -> 1.75 | H6: =SUMIFS(原始数据!$I$3:$I$32,原始数据!$D$3:$D$32,"DD2026004") -> 44.5 | I6: =SUMIFS(原始数据!$J$3:$J$32,原始数据!$D$3:$D$32,"DD2026004") -> 14.105 | J6: =SUMIFS(原始数据!$K$3:$K$32,原始数据!$D$3:$D$32,"DD2026004") -> 30.395 | K6: =IFERROR(INDEX(原始数据!$L$3:$L$32,MATCH(1,INDEX((原始数据!$D$3:$D$32="DD2026004")*(原始数据!$L$3:$L$32<>""),0),0)),"") -> 销售二部 | L6: =IFERROR(INDEX(原始数据!$M$3:$M$32,MATCH(1,INDEX((原始数据!$D$3:$D$32="DD2026004")*(原始数据!$M$3:$M$32<>""),0),0)),"") -> 李敏 | M6: =IFERROR(INDEX(原始数据!$N$3:$N$32,MATCH(1,INDEX((原始数据!$D$3:$D$32="DD2026004")*(原始数据!$N$3:$N$32<>""),0),0)),"") -> 30天内 | N6: 开票延迟
A7: =ROW()-2 -> 5 | B7: =IFERROR(INDEX(原始数据!$B$3:$B$32,MATCH(1,INDEX((原始数据!$D$3:$D$32="DD2026005")*(原始数据!$B$3:$B$32<>""),0),0)),"") -> 华南 | C7: =IFERROR(INDEX(原始数据!$C$3:$C$32,MATCH(1,INDEX((原始数据!$D$3:$D$32="DD2026005")*(原始数据!$C$3:$C$32<>""),0),0)),"") -> 分销 | D7: DD2026005 | E7: =IFERROR(INDEX(原始数据!$E$3:$E$32,MATCH(1,INDEX((原始数据!$D$3:$D$32="DD2026005")*(原始数据!$E$3:$E$32<>""),0),0)),"") -> 202600705 | F7: =SUMIFS(原始数据!$F$3:$F$32,原始数据!$D$3:$D$32,"DD2026005") -> 81.75 | G7: =SUMIFS(原始数据!$H$3:$H$32,原始数据!$D$3:$D$32,"DD2026005") -> 2.85 | H7: =SUMIFS(原始数据!$I$3:$I$32,原始数据!$D$3:$D$32,"DD2026005") -> 78.9 | I7: =SUMIFS(原始数据!$J$3:$J$32,原始数据!$D$3:$D$32,"DD2026005") -> 16.38 | J7: =SUMIFS(原始数据!$K$3:$K$32,原始数据!$D$3:$D$32,"DD2026005") -> 62.52 | K7: =IFERROR(INDEX(原始数据!$L$3:$L$32,MATCH(1,INDEX((原始数据!$D$3:$D$32="DD2026005")*(原始数据!$L$3:$L$32<>""),0),0)),"") -> 销售三部 | L7: =IFERROR(INDEX(原始数据!$M$3:$M$32,MATCH(1,INDEX((原始数据!$D$3:$D$32="DD2026005")*(原始数据!$M$3:$M$32<>""),0),0)),"") -> 王强 | M7: =IFERROR(INDEX(原始数据!$N$3:$N$32,MATCH(1,INDEX((原始数据!$D$3:$D$32="DD2026005")*(原始数据!$N$3:$N$32<>""),0),0)),"") -> 60天内 | N7: 未结算
A8: =ROW()-2 -> 6 | B8: =IFERROR(INDEX(原始数据!$B$3:$B$32,MATCH(1,INDEX((原始数据!$D$3:$D$32="DD2026006")*(原始数据!$B$3:$B$32<>""),0),0)),"") -> 华南 | C8: =IFERROR(INDEX(原始数据!$C$3:$C$32,MATCH(1,INDEX((原始数据!$D$3:$D$32="DD2026006")*(原始数据!$C$3:$C$32<>""),0),0)),"") -> 直营 | D8: DD2026006 | E8: =IFERROR(INDEX(原始数据!$E$3:$E$32,MATCH(1,INDEX((原始数据!$D$3:$D$32="DD2026006")*(原始数据!$E$3:$E$32<>""),0),0)),"") -> 202600805 | F8: =SUMIFS(原始数据!$F$3:$F$32,原始数据!$D$3:$D$32,"DD2026006") -> 60.25 | G8: =SUMIFS(原始数据!$H$3:$H$32,原始数据!$D$3:$D$32,"DD2026006") -> 1.75 | H8: =SUMIFS(原始数据!$I$3:$I$32,原始数据!$D$3:$D$32,"DD2026006") -> 58.5 | I8: =SUMIFS(原始数据!$J$3:$J$32,原始数据!$D$3:$D$32,"DD2026006") -> 18.655 | J8: =SUMIFS(原始数据!$K$3:$K$32,原始数据!$D$3:$D$32,"DD2026006") -> 39.845 | K8: =IFERROR(INDEX(原始数据!$L$3:$L$32,MATCH(1,INDEX((原始数据!$D$3:$D$32="DD2026006")*(原始数据!$L$3:$L$32<>""),0),0)),"") -> 销售三部 | L8: =IFERROR(INDEX(原始数据!$M$3:$M$32,MATCH(1,INDEX((原始数据!$D$3:$D$32="DD2026006")*(原始数据!$M$3:$M$32<>""),0),0)),"") -> 王强 | M8: =IFERROR(INDEX(原始数据!$N$3:$N$32,MATCH(1,INDEX((原始数据!$D$3:$D$32="DD2026006")*(原始数据!$N$3:$N$32<>""),0),0)),"") -> 90天以上 | N8: 部分未结算
A9: =ROW()-2 -> 7 | B9: =IFERROR(INDEX(原始数据!$B$3:$B$32,MATCH(1,INDEX((原始数据!$D$3:$D$32="DD2026007")*(原始数据!$B$3:$B$32<>""),0),0)),"") -> 华东 | C9: =IFERROR(INDEX(原始数据!$C$3:$C$32,MATCH(1,INDEX((原始数据!$D$3:$D$32="DD2026007")*(原始数据!$C$3:$C$32<>""),0),0)),"") -> 电商 | D9: DD2026007 | E9: =IFERROR(INDEX(原始数据!$E$3:$E$32,MATCH(1,INDEX((原始数据!$D$3:$D$32="DD2026007")*(原始数据!$E$3:$E$32<>""),0),0)),"") -> 202600305 | F9: =SUMIFS(原始数据!$F$3:$F$32,原始数据!$D$3:$D$32,"DD2026007") -> 102.75 | G9: =SUMIFS(原始数据!$H$3:$H$32,原始数据!$D$3:$D$32,"DD2026007") -> 2.85 | H9: =SUMIFS(原始数据!$I$3:$I$32,原始数据!$D$3:$D$32,"DD2026007") -> 99.9 | I9: =SUMIFS(原始数据!$J$3:$J$32,原始数据!$D$3:$D$32,"DD2026007") -> 20.93 | J9: =SUMIFS(原始数据!$K$3:$K$32,原始数据!$D$3:$D$32,"DD2026007") -> 78.97 | K9: =IFERROR(INDEX(原始数据!$L$3:$L$32,MATCH(1,INDEX((原始数据!$D$3:$D$32="DD2026007")*(原始数据!$L$3:$L$32<>""),0),0)),"") -> 销售一部 | L9: =IFERROR(INDEX(原始数据!$M$3:$M$32,MATCH(1,INDEX((原始数据!$D$3:$D$32="DD2026007")*(原始数据!$M$3:$M$32<>""),0),0)),"") -> 张涛 | M9: =IFERROR(INDEX(原始数据!$N$3:$N$32,MATCH(1,INDEX((原始数据!$D$3:$D$32="DD2026007")*(原始数据!$N$3:$N$32<>""),0),0)),"") -> 30天内 | N9: 存在争议
A10: =ROW()-2 -> 8 | B10: =IFERROR(INDEX(原始数据!$B$3:$B$32,MATCH(1,INDEX((原始数据!$D$3:$D$32="DD2026008")*(原始数据!$B$3:$B$32<>""),0),0)),"") -> 华北 | C10: =IFERROR(INDEX(原始数据!$C$3:$C$32,MATCH(1,INDEX((原始数据!$D$3:$D$32="DD2026008")*(原始数据!$C$3:$C$32<>""),0),0)),"") -> 分销 | D10: DD2026008 | E10: =IFERROR(INDEX(原始数据!$E$3:$E$32,MATCH(1,INDEX((原始数据!$D$3:$D$32="DD2026008")*(原始数据!$E$3:$E$32<>""),0),0)),"") -> 202600405 | F10: =SUMIFS(原始数据!$F$3:$F$32,原始数据!$D$3:$D$32,"DD2026008") -> 74.25 | G10: =SUMIFS(原始数据!$H$3:$H$32,原始数据!$D$3:$D$32,"DD2026008") -> 1.75 | H10: =SUMIFS(原始数据!$I$3:$I$32,原始数据!$D$3:$D$32,"DD2026008") -> 72.5 | I10: =SUMIFS(原始数据!$J$3:$J$32,原始数据!$D$3:$D$32,"DD2026008") -> 23.205 | J10: =SUMIFS(原始数据!$K$3:$K$32,原始数据!$D$3:$D$32,"DD2026008") -> 49.295 | K10: =IFERROR(INDEX(原始数据!$L$3:$L$32,MATCH(1,INDEX((原始数据!$D$3:$D$32="DD2026008")*(原始数据!$L$3:$L$32<>""),0),0)),"") -> 销售二部 | L10: =IFERROR(INDEX(原始数据!$M$3:$M$32,MATCH(1,INDEX((原始数据!$D$3:$D$32="DD2026008")*(原始数据!$M$3:$M$32<>""),0),0)),"") -> 赵雷 | M10: =IFERROR(INDEX(原始数据!$N$3:$N$32,MATCH(1,INDEX((原始数据!$D$3:$D$32="DD2026008")*(原始数据!$N$3:$N$32<>""),0),0)),"") -> 60天内 | N10: 开票延迟
A11: =ROW()-2 -> 9 | B11: =IFERROR(INDEX(原始数据!$B$3:$B$32,MATCH(1,INDEX((原始数据!$D$3:$D$32="DD2026009")*(原始数据!$B$3:$B$32<>""),0),0)),"") -> 华南 | C11: =IFERROR(INDEX(原始数据!$C$3:$C$32,MATCH(1,INDEX((原始数据!$D$3:$D$32="DD2026009")*(原始数据!$C$3:$C$32<>""),0),0)),"") -> 电商 | D11: DD2026009 | E11: =IFERROR(INDEX(原始数据!$E$3:$E$32,MATCH(1,INDEX((原始数据!$D$3:$D$32="DD2026009")*(原始数据!$E$3:$E$32<>""),0),0)),"") -> 202600505 | F11: =SUMIFS(原始数据!$F$3:$F$32,原始数据!$D$3:$D$32,"DD2026009") -> 123.75 | G11: =SUMIFS(原始数据!$H$3:$H$32,原始数据!$D$3:$D$32,"DD2026009") -> 2.85 | H11: =SUMIFS(原始数据!$I$3:$I$32,原始数据!$D$3:$D$32,"DD2026009") -> 120.9 | I11: =SUMIFS(原始数据!$J$3:$J$32,原始数据!$D$3:$D$32,"DD2026009") -> 25.48 | J11: =SUMIFS(原始数据!$K$3:$K$32,原始数据!$D$3:$D$32,"DD2026009") -> 95.42 | K11: =IFERROR(INDEX(原始数据!$L$3:$L$32,MATCH(1,INDEX((原始数据!$D$3:$D$32="DD2026009")*(原始数据!$L$3:$L$32<>""),0),0)),"") -> 销售三部 | L11: =IFERROR(INDEX(原始数据!$M$3:$M$32,MATCH(1,INDEX((原始数据!$D$3:$D$32="DD2026009")*(原始数据!$M$3:$M$32<>""),0),0)),"") -> 王强 | M11: =IFERROR(INDEX(原始数据!$N$3:$N$32,MATCH(1,INDEX((原始数据!$D$3:$D$32="DD2026009")*(原始数据!$N$3:$N$32<>""),0),0)),"") -> 30天内 | N11: 未结算
A12: =ROW()-2 -> 10 | B12: =IFERROR(INDEX(原始数据!$B$3:$B$32,MATCH(1,INDEX((原始数据!$D$3:$D$32="DD2026010")*(原始数据!$B$3:$B$32<>""),0),0)),"") -> 华东 | C12: =IFERROR(INDEX(原始数据!$C$3:$C$32,MATCH(1,INDEX((原始数据!$D$3:$D$32="DD2026010")*(原始数据!$C$3:$C$32<>""),0),0)),"") -> 直营 | D12: DD2026010 | E12: =IFERROR(INDEX(原始数据!$E$3:$E$32,MATCH(1,INDEX((原始数据!$D$3:$D$32="DD2026010")*(原始数据!$E$3:$E$32<>""),0),0)),"") -> 202600605 | F12: =SUMIFS(原始数据!$F$3:$F$32,原始数据!$D$3:$D$32,"DD2026010") -> 88.25 | G12: =SUMIFS(原始数据!$H$3:$H$32,原始数据!$D$3:$D$32,"DD2026010") -> 1.75 | H12: =SUMIFS(原始数据!$I$3:$I$32,原始数据!$D$3:$D$32,"DD2026010") -> 86.5 | I12: =SUMIFS(原始数据!$J$3:$J$32,原始数据!$D$3:$D$32,"DD2026010") -> 27.755 | J12: =SUMIFS(原始数据!$K$3:$K$32,原始数据!$D$3:$D$32,"DD2026010") -> 58.745 | K12: =IFERROR(INDEX(原始数据!$L$3:$L$32,MATCH(1,INDEX((原始数据!$D$3:$D$32="DD2026010")*(原始数据!$L$3:$L$32<>""),0),0)),"") -> 销售一部 | L12: =IFERROR(INDEX(原始数据!$M$3:$M$32,MATCH(1,INDEX((原始数据!$D$3:$D$32="DD2026010")*(原始数据!$M$3:$M$32<>""),0),0)),"") -> 赵雷 | M12: =IFERROR(INDEX(原始数据!$N$3:$N$32,MATCH(1,INDEX((原始数据!$D$3:$D$32="DD2026010")*(原始数据!$N$3:$N$32<>""),0),0)),"") -> 90天以上 | N12: 部分未结算
A13: =ROW()-2 -> 11 | B13: =IFERROR(INDEX(原始数据!$B$3:$B$32,MATCH(1,INDEX((原始数据!$D$3:$D$32="DD2026011")*(原始数据!$B$3:$B$32<>""),0),0)),"") -> 华北 | C13: =IFERROR(INDEX(原始数据!$C$3:$C$32,MATCH(1,INDEX((原始数据!$D$3:$D$32="DD2026011")*(原始数据!$C$3:$C$32<>""),0),0)),"") -> 直营 | D13: DD2026011 | E13: =IFERROR(INDEX(原始数据!$E$3:$E$32,MATCH(1,INDEX((原始数据!$D$3:$D$32="DD2026011")*(原始数据!$E$3:$E$32<>""),0),0)),"") -> 202600705 | F13: =SUMIFS(原始数据!$F$3:$F$32,原始数据!$D$3:$D$32,"DD2026011") -> 95.25 | G13: =SUMIFS(原始数据!$H$3:$H$32,原始数据!$D$3:$D$32,"DD2026011") -> 1.75 | H13: =SUMIFS(原始数据!$I$3:$I$32,原始数据!$D$3:$D$32,"DD2026011") -> 93.5 | I13: =SUMIFS(原始数据!$J$3:$J$32,原始数据!$D$3:$D$32,"DD2026011") -> 30.03 | J13: =SUMIFS(原始数据!$K$3:$K$32,原始数据!$D$3:$D$32,"DD2026011") -> 63.47 | K13: =IFERROR(INDEX(原始数据!$L$3:$L$32,MATCH(1,INDEX((原始数据!$D$3:$D$32="DD2026011")*(原始数据!$L$3:$L$32<>""),0),0)),"") -> 销售二部 | L13: =IFERROR(INDEX(原始数据!$M$3:$M$32,MATCH(1,INDEX((原始数据!$D$3:$D$32="DD2026011")*(原始数据!$M$3:$M$32<>""),0),0)),"") -> 李敏 | M13: =IFERROR(INDEX(原始数据!$N$3:$N$32,MATCH(1,INDEX((原始数据!$D$3:$D$32="DD2026011")*(原始数据!$N$3:$N$32<>""),0),0)),"") -> 30天内 | N13: 存在争议
A14: =ROW()-2 -> 12 | B14: =IFERROR(INDEX(原始数据!$B$3:$B$32,MATCH(1,INDEX((原始数据!$D$3:$D$32="DD2026012")*(原始数据!$B$3:$B$32<>""),0),0)),"") -> 华南 | C14: =IFERROR(INDEX(原始数据!$C$3:$C$32,MATCH(1,INDEX((原始数据!$D$3:$D$32="DD2026012")*(原始数据!$C$3:$C$32<>""),0),0)),"") -> 分销 | D14: DD2026012 | E14: =IFERROR(INDEX(原始数据!$E$3:$E$32,MATCH(1,INDEX((原始数据!$D$3:$D$32="DD2026012")*(原始数据!$E$3:$E$32<>""),0),0)),"") -> 202600805 | F14: =SUMIFS(原始数据!$F$3:$F$32,原始数据!$D$3:$D$32,"DD2026012") -> 102.25 | G14: =SUMIFS(原始数据!$H$3:$H$32,原始数据!$D$3:$D$32,"DD2026012") -> 1.75 | H14: =SUMIFS(原始数据!$I$3:$I$32,原始数据!$D$3:$D$32,"DD2026012") -> 100.5 | I14: =SUMIFS(原始数据!$J$3:$J$32,原始数据!$D$3:$D$32,"DD2026012") -> 32.305 | J14: =SUMIFS(原始数据!$K$3:$K$32,原始数据!$D$3:$D$32,"DD2026012") -> 68.195 | K14: =IFERROR(INDEX(原始数据!$L$3:$L$32,MATCH(1,INDEX((原始数据!$D$3:$D$32="DD2026012")*(原始数据!$L$3:$L$32<>""),0),0)),"") -> 销售三部 | L14: =IFERROR(INDEX(原始数据!$M$3:$M$32,MATCH(1,INDEX((原始数据!$D$3:$D$32="DD2026012")*(原始数据!$M$3:$M$32<>""),0),0)),"") -> 孙倩 | M14: =IFERROR(INDEX(原始数据!$N$3:$N$32,MATCH(1,INDEX((原始数据!$D$3:$D$32="DD2026012")*(原始数据!$N$3:$N$32<>""),0),0)),"") -> 60天内 | N14: 开票延迟

Sheet 异常原因分类汇总
A1: 异常原因分类汇总
A2: 序号 | B2: 异常原因分类 | C2: 未结算金额 | D2: 涉及订单数 | E2: 涉及数据笔数 | F2: 占比
A3: =ROW()-2 -> 1 | B3: 存在争议 | C3: =SUMIFS(原始数据!$K$3:$K$32,原始数据!$O$3:$O$32,"存在争议") -> 210.01 | D3: =SUMPRODUCT((原始数据!$O$3:$O$32="存在争议")/COUNTIFS(原始数据!$D$3:$D$32,原始数据!$D$3:$D$32&"",原始数据!$O$3:$O$32,原始数据!$O$3:$O$32&"")) -> 3 | E3: =COUNTIFS(原始数据!$O$3:$O$32,"存在争议") -> 9 | F3: =IF((SUM(原始数据!$F$3:$F$32)-SUM(原始数据!$J$3:$J$32))=0,"",C3/(SUM(原始数据!$F$3:$F$32)-SUM(原始数据!$J$3:$J$32))) -> 0.30315847
A4: =ROW()-2 -> 2 | B4: 未结算 | C4: =SUMIFS(原始数据!$K$3:$K$32,原始数据!$O$3:$O$32,"未结算") -> 187.56 | D4: =SUMPRODUCT((原始数据!$O$3:$O$32="未结算")/COUNTIFS(原始数据!$D$3:$D$32,原始数据!$D$3:$D$32&"",原始数据!$O$3:$O$32,原始数据!$O$3:$O$32&"")) -> 3 | E4: =COUNTIFS(原始数据!$O$3:$O$32,"未结算") -> 9 | F4: =IF((SUM(原始数据!$F$3:$F$32)-SUM(原始数据!$J$3:$J$32))=0,"",C4/(SUM(原始数据!$F$3:$F$32)-SUM(原始数据!$J$3:$J$32))) -> 0.27075093
A5: =ROW()-2 -> 3 | B5: 开票延迟 | C5: =SUMIFS(原始数据!$K$3:$K$32,原始数据!$O$3:$O$32,"开票延迟") -> 147.885 | D5: =SUMPRODUCT((原始数据!$O$3:$O$32="开票延迟")/COUNTIFS(原始数据!$D$3:$D$32,原始数据!$D$3:$D$32&"",原始数据!$O$3:$O$32,原始数据!$O$3:$O$32&"")) -> 3 | E5: =COUNTIFS(原始数据!$O$3:$O$32,"开票延迟") -> 6 | F5: =IF((SUM(原始数据!$F$3:$F$32)-SUM(原始数据!$J$3:$J$32))=0,"",C5/(SUM(原始数据!$F$3:$F$32)-SUM(原始数据!$J$3:$J$32))) -> 0.21347836
A6: =ROW()-2 -> 4 | B6: 部分未结算 | C6: =SUMIFS(原始数据!$K$3:$K$32,原始数据!$O$3:$O$32,"部分未结算") -> 119.535 | D6: =SUMPRODUCT((原始数据!$O$3:$O$32="部分未结算")/COUNTIFS(原始数据!$D$3:$D$32,原始数据!$D$3:$D$32&"",原始数据!$O$3:$O$32,原始数据!$O$3:$O$32&"")) -> 3 | E6: =COUNTIFS(原始数据!$O$3:$O$32,"部分未结算") -> 6 | F6: =IF((SUM(原始数据!$F$3:$F$32)-SUM(原始数据!$J$3:$J$32))=0,"",C6/(SUM(原始数据!$F$3:$F$32)-SUM(原始数据!$J$3:$J$32))) -> 0.17255392

Sheet 统计总览
A1: 数据统计总览
A2: 指标 | B2: 数值
A3: 总订单金额（万元） | B3: =SUM(原始数据!$F$3:$F$32) -> 930.25
A4: 总发货金额（万元） | B4: =SUM(原始数据!$I$3:$I$32) -> 902.5
A5: 总已结算金额（万元） | B5: =SUM(原始数据!$J$3:$J$32) -> 237.51
A6: 总未结算金额（万元） | B6: =SUM(原始数据!$K$3:$K$32) -> 664.99
A7: 整体结算率 | B7: =IF(B3=0,"",B5/B3) -> 0.25531846
A8: 总订单数 | B8: =SUMPRODUCT(1/COUNTIF(原始数据!$D$3:$D$32,原始数据!$D$3:$D$32&"")) -> 12
A9: 总数据笔数 | B9: =COUNTA(原始数据!$A$3:$A$32) -> 30
A10: 异常原因分类数 | B10: =SUMPRODUCT((原始数据!$O$3:$O$32<>"")/COUNTIF(原始数据!$O$3:$O$32,原始数据!$O$3:$O$32&"")) -> 4

Sheet 区域统计
A1: 区域维度统计分析
A2: 序号 | B2: 区域 | C2: 总订单金额 | D2: 总发货金额 | E2: 总已结算金额 | F2: 总未结算金额 | G2: 订单数 | H2: 整体结算率 | I2: 未结算占比
A3: =ROW()-2 -> 1 | B3: 华南 | C3: =SUMIFS(原始数据!$F$3:$F$32,原始数据!$B$3:$B$32,"华南") -> 368 | D3: =SUMIFS(原始数据!$I$3:$I$32,原始数据!$B$3:$B$32,"华南") -> 358.8 | E3: =SUMIFS(原始数据!$J$3:$J$32,原始数据!$B$3:$B$32,"华南") -> 92.82 | F3: =SUMIFS(原始数据!$K$3:$K$32,原始数据!$B$3:$B$32,"华南") -> 265.98 | G3: =SUMPRODUCT((原始数据!$B$3:$B$32="华南")/COUNTIFS(原始数据!$D$3:$D$32,原始数据!$D$3:$D$32&"",原始数据!$B$3:$B$32,原始数据!$B$3:$B$32&"")) -> 4 | H3: =IF(C3=0,"",E3/C3) -> 0.25222826 | I3: =IF(SUM(原始数据!$F$3:$F$32)=0,"",F3/SUM(原始数据!$F$3:$F$32)) -> 0.28592314
A4: =ROW()-2 -> 2 | B4: 华北 | C4: =SUMIFS(原始数据!$F$3:$F$32,原始数据!$B$3:$B$32,"华北") -> 299.25 | D4: =SUMIFS(原始数据!$I$3:$I$32,原始数据!$B$3:$B$32,"华北") -> 289.9 | E4: =SUMIFS(原始数据!$J$3:$J$32,原始数据!$B$3:$B$32,"华北") -> 79.17 | F4: =SUMIFS(原始数据!$K$3:$K$32,原始数据!$B$3:$B$32,"华北") -> 210.73 | G4: =SUMPRODUCT((原始数据!$B$3:$B$32="华北")/COUNTIFS(原始数据!$D$3:$D$32,原始数据!$D$3:$D$32&"",原始数据!$B$3:$B$32,原始数据!$B$3:$B$32&"")) -> 4 | H4: =IF(C4=0,"",E4/C4) -> 0.2645614 | I4: =IF(SUM(原始数据!$F$3:$F$32)=0,"",F4/SUM(原始数据!$F$3:$F$32)) -> 0.2265305
A5: =ROW()-2 -> 3 | B5: 华东 | C5: =SUMIFS(原始数据!$F$3:$F$32,原始数据!$B$3:$B$32,"华东") -> 263 | D5: =SUMIFS(原始数据!$I$3:$I$32,原始数据!$B$3:$B$32,"华东") -> 253.8 | E5: =SUMIFS(原始数据!$J$3:$J$32,原始数据!$B$3:$B$32,"华东") -> 65.52 | F5: =SUMIFS(原始数据!$K$3:$K$32,原始数据!$B$3:$B$32,"华东") -> 188.28 | G5: =SUMPRODUCT((原始数据!$B$3:$B$32="华东")/COUNTIFS(原始数据!$D$3:$D$32,原始数据!$D$3:$D$32&"",原始数据!$B$3:$B$32,原始数据!$B$3:$B$32&"")) -> 4 | H5: =IF(C5=0,"",E5/C5) -> 0.24912548 | I5: =IF(SUM(原始数据!$F$3:$F$32)=0,"",F5/SUM(原始数据!$F$3:$F$32)) -> 0.20239721

Sheet 部门统计
A1: 部门维度统计分析
A2: 序号 | B2: 部门 | C2: 总订单金额 | D2: 总发货金额 | E2: 总已结算金额 | F2: 总未结算金额 | G2: 订单数 | H2: 整体结算率 | I2: 未结算占比
A3: =ROW()-2 -> 1 | B3: 销售三部 | C3: =SUMIFS(原始数据!$F$3:$F$32,原始数据!$L$3:$L$32,"销售三部") -> 368 | D3: =SUMIFS(原始数据!$I$3:$I$32,原始数据!$L$3:$L$32,"销售三部") -> 358.8 | E3: =SUMIFS(原始数据!$J$3:$J$32,原始数据!$L$3:$L$32,"销售三部") -> 92.82 | F3: =SUMIFS(原始数据!$K$3:$K$32,原始数据!$L$3:$L$32,"销售三部") -> 265.98 | G3: =SUMPRODUCT((原始数据!$L$3:$L$32="销售三部")/COUNTIFS(原始数据!$D$3:$D$32,原始数据!$D$3:$D$32&"",原始数据!$L$3:$L$32,原始数据!$L$3:$L$32&"")) -> 4 | H3: =IF(C3=0,"",E3/C3) -> 0.25222826 | I3: =IF(SUM(原始数据!$F$3:$F$32)=0,"",F3/SUM(原始数据!$F$3:$F$32)) -> 0.28592314
A4: =ROW()-2 -> 2 | B4: 销售二部 | C4: =SUMIFS(原始数据!$F$3:$F$32,原始数据!$L$3:$L$32,"销售二部") -> 299.25 | D4: =SUMIFS(原始数据!$I$3:$I$32,原始数据!$L$3:$L$32,"销售二部") -> 289.9 | E4: =SUMIFS(原始数据!$J$3:$J$32,原始数据!$L$3:$L$32,"销售二部") -> 79.17 | F4: =SUMIFS(原始数据!$K$3:$K$32,原始数据!$L$3:$L$32,"销售二部") -> 210.73 | G4: =SUMPRODUCT((原始数据!$L$3:$L$32="销售二部")/COUNTIFS(原始数据!$D$3:$D$32,原始数据!$D$3:$D$32&"",原始数据!$L$3:$L$32,原始数据!$L$3:$L$32&"")) -> 4 | H4: =IF(C4=0,"",E4/C4) -> 0.2645614 | I4: =IF(SUM(原始数据!$F$3:$F$32)=0,"",F4/SUM(原始数据!$F$3:$F$32)) -> 0.2265305
A5: =ROW()-2 -> 3 | B5: 销售一部 | C5: =SUMIFS(原始数据!$F$3:$F$32,原始数据!$L$3:$L$32,"销售一部") -> 263 | D5: =SUMIFS(原始数据!$I$3:$I$32,原始数据!$L$3:$L$32,"销售一部") -> 253.8 | E5: =SUMIFS(原始数据!$J$3:$J$32,原始数据!$L$3:$L$32,"销售一部") -> 65.52 | F5: =SUMIFS(原始数据!$K$3:$K$32,原始数据!$L$3:$L$32,"销售一部") -> 188.28 | G5: =SUMPRODUCT((原始数据!$L$3:$L$32="销售一部")/COUNTIFS(原始数据!$D$3:$D$32,原始数据!$D$3:$D$32&"",原始数据!$L$3:$L$32,原始数据!$L$3:$L$32&"")) -> 4 | H5: =IF(C5=0,"",E5/C5) -> 0.24912548 | I5: =IF(SUM(原始数据!$F$3:$F$32)=0,"",F5/SUM(原始数据!$F$3:$F$32)) -> 0.20239721

Sheet 库龄统计
A1: 库龄维度统计分析
A2: 序号 | B2: 库龄 | C2: 总订单金额 | D2: 总发货金额 | E2: 总已结算金额 | F2: 总未结算金额 | G2: 订单数 | H2: 整体结算率 | I2: 未结算占比
A3: =ROW()-2 -> 1 | B3: 30天内 | C3: =SUMIFS(原始数据!$F$3:$F$32,原始数据!$N$3:$N$32,"30天内") -> 407.75 | D3: =SUMIFS(原始数据!$I$3:$I$32,原始数据!$N$3:$N$32,"30天内") -> 395.7 | E3: =SUMIFS(原始数据!$J$3:$J$32,原始数据!$N$3:$N$32,"30天内") -> 97.825 | F3: =SUMIFS(原始数据!$K$3:$K$32,原始数据!$N$3:$N$32,"30天内") -> 297.875 | G3: =SUMPRODUCT((原始数据!$N$3:$N$32="30天内")/COUNTIFS(原始数据!$D$3:$D$32,原始数据!$D$3:$D$32&"",原始数据!$N$3:$N$32,原始数据!$N$3:$N$32&"")) -> 5 | H3: =IF(C3=0,"",E3/C3) -> 0.23991416 | I3: =IF(SUM(原始数据!$F$3:$F$32)=0,"",F3/SUM(原始数据!$F$3:$F$32)) -> 0.32020962
A4: =ROW()-2 -> 2 | B4: 60天内 | C4: =SUMIFS(原始数据!$F$3:$F$32,原始数据!$N$3:$N$32,"60天内") -> 290.5 | D4: =SUMIFS(原始数据!$I$3:$I$32,原始数据!$N$3:$N$32,"60天内") -> 282.4 | E4: =SUMIFS(原始数据!$J$3:$J$32,原始数据!$N$3:$N$32,"60天内") -> 81.445 | F4: =SUMIFS(原始数据!$K$3:$K$32,原始数据!$N$3:$N$32,"60天内") -> 200.955 | G4: =SUMPRODUCT((原始数据!$N$3:$N$32="60天内")/COUNTIFS(原始数据!$D$3:$D$32,原始数据!$D$3:$D$32&"",原始数据!$N$3:$N$32,原始数据!$N$3:$N$32&"")) -> 4 | H4: =IF(C4=0,"",E4/C4) -> 0.28036145 | I4: =IF(SUM(原始数据!$F$3:$F$32)=0,"",F4/SUM(原始数据!$F$3:$F$32)) -> 0.21602257
A5: =ROW()-2 -> 3 | B5: 90天以上 | C5: =SUMIFS(原始数据!$F$3:$F$32,原始数据!$N$3:$N$32,"90天以上") -> 232 | D5: =SUMIFS(原始数据!$I$3:$I$32,原始数据!$N$3:$N$32,"90天以上") -> 224.4 | E5: =SUMIFS(原始数据!$J$3:$J$32,原始数据!$N$3:$N$32,"90天以上") -> 58.24 | F5: =SUMIFS(原始数据!$K$3:$K$32,原始数据!$N$3:$N$32,"90天以上") -> 166.16 | G5: =SUMPRODUCT((原始数据!$N$3:$N$32="90天以上")/COUNTIFS(原始数据!$D$3:$D$32,原始数据!$D$3:$D$32&"",原始数据!$N$3:$N$32,原始数据!$N$3:$N$32&"")) -> 3 | H5: =IF(C5=0,"",E5/C5) -> 0.25103448 | I5: =IF(SUM(原始数据!$F$3:$F$32)=0,"",F5/SUM(原始数据!$F$3:$F$32)) -> 0.17861865

Sheet 渠道分类统计
A1: 渠道分类维度统计分析
A2: 序号 | B2: 渠道分类 | C2: 总订单金额 | D2: 总发货金额 | E2: 总已结算金额 | F2: 总未结算金额 | G2: 订单数 | H2: 整体结算率 | I2: 未结算占比
A3: =ROW()-2 -> 1 | B3: 直营 | C3: =SUMIFS(原始数据!$F$3:$F$32,原始数据!$C$3:$C$32,"直营") -> 367 | D3: =SUMIFS(原始数据!$I$3:$I$32,原始数据!$C$3:$C$32,"直营") -> 354.8 | E3: =SUMIFS(原始数据!$J$3:$J$32,原始数据!$C$3:$C$32,"直营") -> 95.55 | F3: =SUMIFS(原始数据!$K$3:$K$32,原始数据!$C$3:$C$32,"直营") -> 259.25 | G3: =SUMPRODUCT((原始数据!$C$3:$C$32="直营")/COUNTIFS(原始数据!$D$3:$D$32,原始数据!$D$3:$D$32&"",原始数据!$C$3:$C$32,原始数据!$C$3:$C$32&"")) -> 5 | H3: =IF(C3=0,"",E3/C3) -> 0.26035422 | I3: =IF(SUM(原始数据!$F$3:$F$32)=0,"",F3/SUM(原始数据!$F$3:$F$32)) -> 0.27868852
A4: =ROW()-2 -> 2 | B4: 电商 | C4: =SUMIFS(原始数据!$F$3:$F$32,原始数据!$C$3:$C$32,"电商") -> 272.75 | D4: =SUMIFS(原始数据!$I$3:$I$32,原始数据!$C$3:$C$32,"电商") -> 265.3 | E4: =SUMIFS(原始数据!$J$3:$J$32,原始数据!$C$3:$C$32,"电商") -> 60.515 | F4: =SUMIFS(原始数据!$K$3:$K$32,原始数据!$C$3:$C$32,"电商") -> 204.785 | G4: =SUMPRODUCT((原始数据!$C$3:$C$32="电商")/COUNTIFS(原始数据!$D$3:$D$32,原始数据!$D$3:$D$32&"",原始数据!$C$3:$C$32,原始数据!$C$3:$C$32&"")) -> 3 | H4: =IF(C4=0,"",E4/C4) -> 0.22186984 | I4: =IF(SUM(原始数据!$F$3:$F$32)=0,"",F4/SUM(原始数据!$F$3:$F$32)) -> 0.22013975
A5: =ROW()-2 -> 3 | B5: 分销 | C5: =SUMIFS(原始数据!$F$3:$F$32,原始数据!$C$3:$C$32,"分销") -> 290.5 | D5: =SUMIFS(原始数据!$I$3:$I$32,原始数据!$C$3:$C$32,"分销") -> 282.4 | E5: =SUMIFS(原始数据!$J$3:$J$32,原始数据!$C$3:$C$32,"分销") -> 81.445 | F5: =SUMIFS(原始数据!$K$3:$K$32,原始数据!$C$3:$C$32,"分销") -> 200.955 | G5: =SUMPRODUCT((原始数据!$C$3:$C$32="分销")/COUNTIFS(原始数据!$D$3:$D$32,原始数据!$D$3:$D$32&"",原始数据!$C$3:$C$32,原始数据!$C$3:$C$32&"")) -> 4 | H5: =IF(C5=0,"",E5/C5) -> 0.28036145 | I5: =IF(SUM(原始数据!$F$3:$F$32)=0,"",F5/SUM(原始数据!$F$3:$F$32)) -> 0.21602257
